{
  "Workflows": [
    {
      "Path": null,
      "SortBy": 0,
      "VariablesSectionElementsOrder": [],
      "ArgumentsSectionElementsOrder": null,
      "ConstantsSectionElementsOrder": [],
      "AddedNamespaces": null
    },
    {
      "Path": "Main.xaml",
      "SortBy": 0,
      "VariablesSectionElementsOrder": [
        "taskDetails&Sequence_1",
        "userName&Sequence_2",
        "userEmail&Sequence_2",
        "continueAddingTasks&Sequence_2",
        "taskName&Sequence_2",
        "priorityLevel&Sequence_2",
        "estimatedTime&Sequence_2",
        "currentTask&Sequence_2",
        "userResponse&Sequence_2",
        "tasksList&Sequence_2",
        "breakDuration&Sequence_2",
        "breakType&Sequence_2",
        "currentTime&Sequence_2",
        "taskStartTime&Sequence_2",
        "taskEndTime&Sequence_2",
        "emailBody&Sequence_2"
      ],
      "ArgumentsSectionElementsOrder": [],
      "ConstantsSectionElementsOrder": [],
      "AddedNamespaces": null
    }
  ]
}